metric,clip_only,reranked,improvement
brightness,0.169776,0.092358,0.077418
contrast,0.074487,0.057738,0.016749
saturation,0.182137,0.123890,0.058247
warmth,0.050995,0.039921,0.011074
